<?xml version="1.0" encoding="UTF-8"?>
<manifest identifier="g613a0e83ea8b1f6685f356dcc6d61415" xmlns="http://www.imsglobal.org/xsd/imsccv1p1/imscp_v1p1" xmlns:lom="http://ltsc.ieee.org/xsd/imsccv1p1/LOM/resource" xmlns:imsmd="http://www.imsglobal.org/xsd/imsmd_v1p2" xmlns:xsi="http://www.w3.org/2001/XMLSchema-instance" xsi:schemaLocation="http://www.imsglobal.org/xsd/imsccv1p1/imscp_v1p1 http://www.imsglobal.org/xsd/imscp_v1p1.xsd http://ltsc.ieee.org/xsd/imsccv1p1/LOM/resource http://www.imsglobal.org/profile/cc/ccv1p1/LOM/ccv1p1_lomresource_v1p0.xsd http://www.imsglobal.org/xsd/imsmd_v1p2 http://www.imsglobal.org/xsd/imsmd_v1p2p2.xsd">
  <metadata>
    <schema>IMS Content</schema>
    <schemaversion>1.1.3</schemaversion>
    <imsmd:lom>
      <imsmd:general>
        <imsmd:title>
          <imsmd:string>QTI Quiz Export for course "VUWCC - AI @ VUW"</imsmd:string>
        </imsmd:title>
      </imsmd:general>
      <imsmd:lifeCycle>
        <imsmd:contribute>
          <imsmd:date>
            <imsmd:dateTime>2025-06-23</imsmd:dateTime>
          </imsmd:date>
        </imsmd:contribute>
      </imsmd:lifeCycle>
      <imsmd:rights>
        <imsmd:copyrightAndOtherRestrictions>
          <imsmd:value>yes</imsmd:value>
        </imsmd:copyrightAndOtherRestrictions>
        <imsmd:description>
          <imsmd:string>Private (Copyrighted) - http://en.wikipedia.org/wiki/Copyright</imsmd:string>
        </imsmd:description>
      </imsmd:rights>
    </imsmd:lom>
  </metadata>
  <organizations/>
  <resources>
    <resource identifier="g8cce37981738e5a2ff0687e2145f7f98" type="imsqti_xmlv1p2">
      <file href="g8cce37981738e5a2ff0687e2145f7f98/g8cce37981738e5a2ff0687e2145f7f98.xml"/>
      <dependency identifierref="gcccb942afacf91d6d0e760165fb3d93b"/>
    </resource>
    <resource identifier="gcccb942afacf91d6d0e760165fb3d93b" type="associatedcontent/imscc_xmlv1p1/learning-application-resource" href="g8cce37981738e5a2ff0687e2145f7f98/assessment_meta.xml">
      <file href="g8cce37981738e5a2ff0687e2145f7f98/assessment_meta.xml"/>
    </resource>
  </resources>
</manifest>
