<?xml version="1.0" encoding="UTF-8"?>
<assessmentItem xmlns="http://www.imsglobal.org/xsd/imsqti_item_v2p1" 
                xmlns:xsi="http://www.w3.org/2001/XMLSchema-instance" 
                identifier="ib8a9a7e3f47_q1"
                title="Capital of France"
                adaptive="false"
                timeDependent="false">
    <responseDeclaration identifier="response_q1" cardinality="single" baseType="identifier">
        <correctResponse>
            <value>Paris</value>
        </correctResponse>
    </responseDeclaration>
    <outcomeDeclaration identifier="outcome_q1" cardinality="single" baseType="float">
        <defaultValue>0</defaultValue>
    </outcomeDeclaration>
    <itemBody>
        <p>What is the capital of France?</p>
        <choiceInteraction responseIdentifier="response_q1" shuffle="true">
            <simpleChoice identifier="choice1">Paris</simpleChoice>
            <simpleChoice identifier="choice2">London</simpleChoice>
        </choiceInteraction>
    </itemBody>
    <responseProcessing template="http://www.imsglobal.org/question/qti_v2p1/rptemplates/match_correct"/>
</assessmentItem>