<?xml version="1.0" encoding="UTF-8"?>
<manifest identifier="4f1c3347-307a-4ff0-8037-9e8c00b4f504" 
          xmlns="http://www.imsglobal.org/xsd/imscp_v1p1"
          xmlns:xsi="http://www.w3.org/2001/XMLSchema-instance"
          xsi:schemaLocation="http://www.imsglobal.org/xsd/imscp_v1p1 imscp_v1p1.xsd">
    <metadata>
        <schema>QTI 2.1 Package</schema>
        <schemaversion>1.0.0</schemaversion>
    </metadata>
    <organizations/>
    <resources>
        <resource identifier="res_q1" type="imsqti_item_xmlv2p1" href="resources/q1.xml">
            <file href="resources/q1.xml"/>
        </resource>
    </resources>
</manifest>